filename,progress,relevance
CHITTRON_3952.png,0,
CHITTRON_3953.png,0,
CHITTRON_3954.png,0,
CHITTRON_3955.png,0,
CHITTRON_3956.png,0,
CHITTRON_3957.png,0,
CHITTRON_3958.png,0,
CHITTRON_3959.png,0,
CHITTRON_396.png,0,
CHITTRON_3960.png,0,
CHITTRON_3961.png,0,
CHITTRON_3962.png,0,
CHITTRON_3963.png,0,
CHITTRON_3964.png,0,
CHITTRON_3965.png,0,
CHITTRON_3966.png,0,
CHITTRON_3967.png,0,
CHITTRON_3968.png,0,
CHITTRON_3969.png,0,
CHITTRON_397.png,0,
CHITTRON_3970.png,0,
CHITTRON_3971.png,0,
CHITTRON_3972.png,0,
CHITTRON_3973.png,0,
CHITTRON_3974.png,0,
CHITTRON_3975.png,0,
CHITTRON_3976.png,0,
CHITTRON_3977.png,0,
CHITTRON_3978.png,0,
CHITTRON_3979.png,0,
CHITTRON_398.png,0,
CHITTRON_3980.png,0,
CHITTRON_3981.png,0,
CHITTRON_3982.png,0,
CHITTRON_3983.png,0,
CHITTRON_3984.png,0,
CHITTRON_3985.png,0,
CHITTRON_3986.png,0,
CHITTRON_3987.png,0,
CHITTRON_3988.png,0,
CHITTRON_3989.png,0,
CHITTRON_399.png,0,
CHITTRON_3990.png,0,
CHITTRON_3991.png,0,
CHITTRON_3992.png,0,
CHITTRON_3993.png,0,
CHITTRON_3994.png,0,
CHITTRON_3995.png,0,
CHITTRON_3996.png,0,
CHITTRON_3997.png,0,
CHITTRON_3998.png,0,
CHITTRON_3999.png,0,
CHITTRON_4.png,0,
CHITTRON_40.png,0,
CHITTRON_400.png,0,
CHITTRON_4000.png,0,
CHITTRON_4001.png,0,
CHITTRON_4002.png,0,
CHITTRON_4003.png,0,
CHITTRON_4004.png,0,
CHITTRON_4005.png,0,
CHITTRON_4006.png,0,
CHITTRON_4007.png,0,
CHITTRON_4008.png,0,
CHITTRON_4009.png,0,
CHITTRON_401.png,0,
CHITTRON_4010.png,0,
CHITTRON_4011.png,0,
CHITTRON_4012.png,0,
CHITTRON_4013.png,0,
CHITTRON_4014.png,0,
CHITTRON_4015.png,0,
CHITTRON_4016.png,0,
CHITTRON_4017.png,0,
CHITTRON_4018.png,0,
CHITTRON_4019.png,0,
CHITTRON_402.png,0,
CHITTRON_4020.png,0,
CHITTRON_4021.png,0,
CHITTRON_4022.png,0,
CHITTRON_4023.png,0,
CHITTRON_4024.png,0,
CHITTRON_4025.png,0,
CHITTRON_4026.png,0,
CHITTRON_4027.png,0,
CHITTRON_4028.png,0,
CHITTRON_4029.png,0,
CHITTRON_403.png,0,
CHITTRON_4030.png,0,
CHITTRON_4031.png,0,
CHITTRON_4032.png,0,
CHITTRON_4033.png,0,
CHITTRON_4034.png,0,
CHITTRON_4035.png,0,
CHITTRON_4036.png,0,
CHITTRON_4037.png,0,
CHITTRON_4038.png,0,
CHITTRON_4039.png,0,
CHITTRON_404.png,0,
CHITTRON_4040.png,0,
CHITTRON_4041.png,0,
CHITTRON_4042.png,0,
CHITTRON_4043.png,0,
CHITTRON_4044.png,0,
CHITTRON_4045.png,0,
CHITTRON_4046.png,0,
CHITTRON_4047.png,0,
CHITTRON_4048.png,0,
CHITTRON_4049.png,0,
CHITTRON_405.png,0,
CHITTRON_4050.png,0,
CHITTRON_4051.png,0,
CHITTRON_4052.png,0,
CHITTRON_4053.png,0,
CHITTRON_4054.png,0,
CHITTRON_4055.png,0,
CHITTRON_4056.png,0,
CHITTRON_4057.png,0,
CHITTRON_4058.png,0,
CHITTRON_4059.png,0,
CHITTRON_406.png,0,
CHITTRON_4060.png,0,
CHITTRON_4061.png,0,
CHITTRON_4062.png,0,
CHITTRON_4063.png,0,
CHITTRON_4064.png,0,
CHITTRON_4065.png,0,
CHITTRON_4066.png,0,
CHITTRON_4067.png,0,
CHITTRON_4068.png,0,
CHITTRON_4069.png,0,
CHITTRON_407.png,0,
CHITTRON_4070.png,0,
CHITTRON_4071.png,0,
CHITTRON_4072.png,0,
CHITTRON_4073.png,0,
CHITTRON_4074.png,0,
CHITTRON_4075.png,0,
CHITTRON_4076.png,0,
CHITTRON_4077.png,0,
CHITTRON_4078.png,0,
CHITTRON_4079.png,0,
CHITTRON_408.png,0,
CHITTRON_4080.png,0,
CHITTRON_4081.png,0,
CHITTRON_4082.png,0,
CHITTRON_4083.png,0,
CHITTRON_4084.png,0,
CHITTRON_4085.png,0,
CHITTRON_4086.png,0,
CHITTRON_4087.png,0,
CHITTRON_4088.png,0,
CHITTRON_4089.png,0,
CHITTRON_409.png,0,
CHITTRON_4090.png,0,
CHITTRON_4091.png,0,
CHITTRON_4092.png,0,
CHITTRON_4093.png,0,
CHITTRON_4094.png,0,
CHITTRON_4095.png,0,
CHITTRON_4096.png,0,
CHITTRON_4097.png,0,
CHITTRON_4098.png,0,
CHITTRON_4099.png,0,
CHITTRON_41.png,0,
CHITTRON_410.png,0,
CHITTRON_4100.png,0,
CHITTRON_4101.png,0,
CHITTRON_4102.png,0,
CHITTRON_4103.png,0,
CHITTRON_4104.png,0,
CHITTRON_4105.png,0,
CHITTRON_4106.png,0,
CHITTRON_4107.png,0,
CHITTRON_4108.png,0,
CHITTRON_4109.png,0,
CHITTRON_411.png,0,
CHITTRON_4110.png,0,
CHITTRON_4111.png,0,
CHITTRON_4112.png,0,
CHITTRON_4113.png,0,
CHITTRON_4114.png,0,
CHITTRON_4115.png,0,
CHITTRON_4116.png,0,
CHITTRON_4117.png,0,
CHITTRON_4118.png,0,
CHITTRON_4119.png,0,
CHITTRON_412.png,0,
CHITTRON_4120.png,0,
CHITTRON_4121.png,0,
CHITTRON_4122.png,0,
CHITTRON_4123.png,0,
CHITTRON_4124.png,0,
CHITTRON_4125.png,0,
CHITTRON_4126.png,0,
CHITTRON_4127.png,0,
CHITTRON_4128.png,0,
CHITTRON_4129.png,0,
CHITTRON_413.png,0,
CHITTRON_4130.png,0,
CHITTRON_4131.png,0,
CHITTRON_4132.png,0,
CHITTRON_4133.png,0,
CHITTRON_4134.png,0,
CHITTRON_4135.png,0,
CHITTRON_4136.png,0,
CHITTRON_4137.png,0,
CHITTRON_4138.png,0,
CHITTRON_4139.png,0,
CHITTRON_414.png,0,
CHITTRON_4140.png,0,
CHITTRON_4141.png,0,
CHITTRON_4142.png,0,
CHITTRON_4143.png,0,
CHITTRON_4144.png,0,
CHITTRON_4145.png,0,
CHITTRON_4146.png,0,
CHITTRON_4147.png,0,
CHITTRON_4148.png,0,
CHITTRON_4149.png,0,
CHITTRON_415.png,0,
CHITTRON_4150.png,0,
CHITTRON_4151.png,0,
CHITTRON_4152.png,0,
CHITTRON_4153.png,0,
CHITTRON_4154.png,0,
CHITTRON_4155.png,0,
CHITTRON_4156.png,0,
CHITTRON_4157.png,0,
CHITTRON_4158.png,0,
CHITTRON_4159.png,0,
CHITTRON_416.png,0,
CHITTRON_4160.png,0,
CHITTRON_4161.png,0,
CHITTRON_4162.png,0,
CHITTRON_4163.png,0,
CHITTRON_4164.png,0,
CHITTRON_4165.png,0,
CHITTRON_4166.png,0,
CHITTRON_4167.png,0,
CHITTRON_4168.png,0,
CHITTRON_4169.png,0,
CHITTRON_417.png,0,
CHITTRON_4170.png,0,
CHITTRON_4171.png,0,
CHITTRON_4172.png,0,
CHITTRON_4173.png,0,
CHITTRON_4174.png,0,
CHITTRON_4175.png,0,
CHITTRON_4176.png,0,
CHITTRON_4177.png,0,
CHITTRON_4178.png,0,
CHITTRON_4179.png,0,
CHITTRON_418.png,0,
CHITTRON_4180.png,0,
CHITTRON_4181.png,0,
CHITTRON_4182.png,0,
CHITTRON_4183.png,0,
CHITTRON_4184.png,0,
CHITTRON_4185.png,0,
CHITTRON_4186.png,0,
CHITTRON_4187.png,0,
CHITTRON_4188.png,0,
CHITTRON_4189.png,0,
CHITTRON_419.png,0,
CHITTRON_4190.png,0,
CHITTRON_4191.png,0,
CHITTRON_4192.png,0,
CHITTRON_4193.png,0,
CHITTRON_4194.png,0,
CHITTRON_4195.png,0,
CHITTRON_4196.png,0,
CHITTRON_4197.png,0,
CHITTRON_4198.png,0,
CHITTRON_4199.png,0,
CHITTRON_42.png,0,
CHITTRON_420.png,0,
CHITTRON_4200.png,0,
CHITTRON_4201.png,0,
CHITTRON_4202.png,0,
CHITTRON_4203.png,0,
CHITTRON_4204.png,0,
CHITTRON_4205.png,0,
CHITTRON_4206.png,0,
CHITTRON_4207.png,0,
CHITTRON_4208.png,0,
CHITTRON_4209.png,0,
CHITTRON_421.png,0,
CHITTRON_4210.png,0,
CHITTRON_4211.png,0,
CHITTRON_4212.png,0,
CHITTRON_4213.png,0,
CHITTRON_4214.png,0,
CHITTRON_4215.png,0,
CHITTRON_4216.png,0,
CHITTRON_4217.png,0,
CHITTRON_4218.png,0,
CHITTRON_4219.png,0,
CHITTRON_422.png,0,
CHITTRON_4220.png,0,
CHITTRON_4221.png,0,
CHITTRON_4222.png,0,
CHITTRON_4223.png,0,
CHITTRON_4224.png,0,
CHITTRON_4225.png,0,
CHITTRON_4226.png,0,
CHITTRON_4227.png,0,
CHITTRON_4228.png,0,
CHITTRON_4229.png,0,
CHITTRON_423.png,0,
CHITTRON_4230.png,0,
CHITTRON_4231.png,0,
CHITTRON_4232.png,0,
CHITTRON_4233.png,0,
CHITTRON_4234.png,0,
CHITTRON_4235.png,0,
CHITTRON_4236.png,0,
CHITTRON_4237.png,0,
CHITTRON_4238.png,0,
CHITTRON_4239.png,0,
CHITTRON_424.png,0,
CHITTRON_4240.png,0,
CHITTRON_4241.png,0,
CHITTRON_4242.png,0,
CHITTRON_4243.png,0,
CHITTRON_4244.png,0,
CHITTRON_4245.png,0,
CHITTRON_4246.png,0,
CHITTRON_4247.png,0,
CHITTRON_4248.png,0,
CHITTRON_4249.png,0,
CHITTRON_425.png,0,
CHITTRON_4250.png,0,
CHITTRON_4251.png,0,
CHITTRON_4252.png,0,
CHITTRON_4253.png,0,
CHITTRON_4254.png,0,
CHITTRON_4255.png,0,
CHITTRON_4256.png,0,
CHITTRON_4257.png,0,
CHITTRON_4258.png,0,
CHITTRON_4259.png,0,
CHITTRON_426.png,0,
CHITTRON_4260.png,0,
CHITTRON_4261.png,0,
CHITTRON_4262.png,0,
CHITTRON_4263.png,0,
CHITTRON_4264.png,0,
CHITTRON_4265.png,0,
CHITTRON_4266.png,0,
CHITTRON_4267.png,0,
CHITTRON_4268.png,0,
CHITTRON_4269.png,0,
CHITTRON_427.png,0,
CHITTRON_4270.png,0,
CHITTRON_4271.png,0,
CHITTRON_4272.png,0,
CHITTRON_4273.png,0,
CHITTRON_4274.png,0,
CHITTRON_4275.png,0,
CHITTRON_4276.png,0,
CHITTRON_4277.png,0,
CHITTRON_4278.png,0,
CHITTRON_4279.png,0,
CHITTRON_428.png,0,
CHITTRON_4280.png,0,
CHITTRON_4281.png,0,
CHITTRON_4282.png,0,
CHITTRON_4283.png,0,
CHITTRON_4284.png,0,
CHITTRON_4285.png,0,
CHITTRON_4286.png,0,
CHITTRON_4287.png,0,
CHITTRON_4288.png,0,
CHITTRON_4289.png,0,
CHITTRON_429.png,0,
CHITTRON_4290.png,0,
CHITTRON_4291.png,0,
CHITTRON_4292.png,0,
CHITTRON_4293.png,0,
CHITTRON_4294.png,0,
CHITTRON_4295.png,0,
CHITTRON_4296.png,0,
CHITTRON_4297.png,0,
CHITTRON_4298.png,0,
CHITTRON_430.png,0,
CHITTRON_4300.png,0,
CHITTRON_4301.png,0,
CHITTRON_4302.png,0,
CHITTRON_4303.png,0,
CHITTRON_4304.png,0,
CHITTRON_4305.png,0,
CHITTRON_4306.png,0,
CHITTRON_4307.png,0,
CHITTRON_4308.png,0,
CHITTRON_4309.png,0,
CHITTRON_431.png,0,
CHITTRON_4310.png,0,
CHITTRON_4311.png,0,
CHITTRON_4312.png,0,
CHITTRON_4313.png,0,
CHITTRON_4314.png,0,
CHITTRON_4315.png,0,
CHITTRON_4316.png,0,
CHITTRON_4317.png,0,
CHITTRON_4318.png,0,
CHITTRON_4319.png,0,
CHITTRON_432.png,0,
CHITTRON_4320.png,0,
CHITTRON_4321.png,0,
CHITTRON_4322.png,0,
CHITTRON_4323.png,0,
CHITTRON_4324.png,0,
CHITTRON_4325.png,0,
CHITTRON_4326.png,0,
CHITTRON_4327.png,0,
CHITTRON_4328.png,0,
CHITTRON_4329.png,0,
CHITTRON_433.png,0,
CHITTRON_4330.png,0,
CHITTRON_4331.png,0,
CHITTRON_4332.png,0,
CHITTRON_4333.png,0,
CHITTRON_4334.png,0,
CHITTRON_4335.png,0,
CHITTRON_4336.png,0,
CHITTRON_4337.png,0,
CHITTRON_4338.png,0,
CHITTRON_4339.png,0,
CHITTRON_434.png,0,
CHITTRON_4340.png,0,
CHITTRON_4341.png,0,
CHITTRON_4342.png,0,
CHITTRON_4343.png,0,
CHITTRON_4344.png,0,
CHITTRON_4345.png,0,
CHITTRON_4346.png,0,
CHITTRON_4347.png,0,
CHITTRON_4348.png,0,
CHITTRON_4349.png,0,
CHITTRON_435.png,0,
CHITTRON_4350.png,0,
CHITTRON_4351.png,0,
CHITTRON_4352.png,0,
CHITTRON_4353.png,0,
CHITTRON_4354.png,0,
CHITTRON_4355.png,0,
CHITTRON_4356.png,0,
CHITTRON_4357.png,0,
CHITTRON_4358.png,0,
CHITTRON_4359.png,0,
CHITTRON_436.png,0,
CHITTRON_4360.png,0,
CHITTRON_4361.png,0,
CHITTRON_4362.png,0,
CHITTRON_4363.png,0,
CHITTRON_4364.png,0,
CHITTRON_4365.png,0,
CHITTRON_4366.png,0,
CHITTRON_4367.png,0,
CHITTRON_4368.png,0,
CHITTRON_4369.png,0,
CHITTRON_437.png,0,
CHITTRON_4370.png,0,
CHITTRON_4371.png,0,
CHITTRON_4372.png,0,
CHITTRON_4373.png,0,
CHITTRON_4374.png,0,
CHITTRON_4375.png,0,
CHITTRON_4376.png,0,
CHITTRON_4377.png,0,
CHITTRON_4378.png,0,
CHITTRON_4379.png,0,
CHITTRON_438.png,0,
CHITTRON_4380.png,0,
CHITTRON_4381.png,0,
CHITTRON_4382.png,0,
CHITTRON_4383.png,0,
CHITTRON_4384.png,0,
CHITTRON_4385.png,0,
CHITTRON_4386.png,0,
CHITTRON_4387.png,0,
CHITTRON_4388.png,0,
CHITTRON_4389.png,0,
CHITTRON_439.png,0,
CHITTRON_4390.png,0,
CHITTRON_4391.png,0,
CHITTRON_4392.png,0,
CHITTRON_4393.png,0,
CHITTRON_4394.png,0,
CHITTRON_4395.png,0,
CHITTRON_4396.png,0,
CHITTRON_4397.png,0,
CHITTRON_4398.png,0,
CHITTRON_4399.png,0,
CHITTRON_44.png,0,
CHITTRON_440.png,0,
CHITTRON_4400.png,0,
CHITTRON_4401.png,0,
CHITTRON_4402.png,0,
CHITTRON_4403.png,0,
CHITTRON_4404.png,0,
CHITTRON_4405.png,0,
CHITTRON_4406.png,0,
CHITTRON_4407.png,0,
CHITTRON_4408.png,0,
CHITTRON_4409.png,0,
CHITTRON_441.png,0,
CHITTRON_4410.png,0,
CHITTRON_4411.png,0,
CHITTRON_4412.png,0,
CHITTRON_4413.png,0,
CHITTRON_4414.png,0,
CHITTRON_4415.png,0,
CHITTRON_4416.png,0,
CHITTRON_4417.png,0,
CHITTRON_4418.png,0,
CHITTRON_4419.png,0,
CHITTRON_442.png,0,
CHITTRON_4420.png,0,
CHITTRON_4421.png,0,
CHITTRON_4422.png,0,
CHITTRON_4423.png,0,
CHITTRON_4424.png,0,
CHITTRON_4425.png,0,
CHITTRON_4426.png,0,
CHITTRON_4427.png,0,
CHITTRON_4428.png,0,
CHITTRON_4429.png,0,
CHITTRON_443.png,0,
CHITTRON_4430.png,0,
CHITTRON_4431.png,0,
CHITTRON_4432.png,0,
CHITTRON_4433.png,0,
CHITTRON_4434.png,0,
CHITTRON_4435.png,0,
CHITTRON_4436.png,0,
CHITTRON_4437.png,0,
CHITTRON_4438.png,0,
CHITTRON_4439.png,0,
CHITTRON_444.png,0,
CHITTRON_4440.png,0,
CHITTRON_4441.png,0,
CHITTRON_4442.png,0,
CHITTRON_4443.png,0,
CHITTRON_4444.png,0,
CHITTRON_4445.png,0,
CHITTRON_4446.png,0,
CHITTRON_4447.png,0,
CHITTRON_4448.png,0,
CHITTRON_4449.png,0,
CHITTRON_445.png,0,
CHITTRON_4450.png,0,
CHITTRON_4451.png,0,
CHITTRON_4452.png,0,
CHITTRON_4453.png,0,
CHITTRON_4454.png,0,
CHITTRON_4455.png,0,
CHITTRON_4456.png,0,
CHITTRON_4457.png,0,
CHITTRON_4458.png,0,
CHITTRON_4459.png,0,
CHITTRON_446.png,0,
CHITTRON_4460.png,0,
CHITTRON_4461.png,0,
CHITTRON_4462.png,0,
CHITTRON_4463.png,0,
CHITTRON_4464.png,0,
CHITTRON_4465.png,0,
CHITTRON_4466.png,0,
CHITTRON_4467.png,0,
CHITTRON_4468.png,0,
CHITTRON_4469.png,0,
CHITTRON_447.png,0,
CHITTRON_4470.png,0,
CHITTRON_4471.png,0,
CHITTRON_4472.png,0,
CHITTRON_4473.png,0,
CHITTRON_4474.png,0,
CHITTRON_4475.png,0,
CHITTRON_4476.png,0,
CHITTRON_4477.png,0,
CHITTRON_4478.png,0,
CHITTRON_4479.png,0,
CHITTRON_448.png,0,
CHITTRON_4480.png,0,
CHITTRON_4481.png,0,
CHITTRON_4482.png,0,
CHITTRON_4483.png,0,
CHITTRON_4484.png,0,
CHITTRON_4485.png,0,
CHITTRON_4486.png,0,
CHITTRON_4487.png,0,
CHITTRON_4488.png,0,
CHITTRON_4489.png,0,
CHITTRON_449.png,0,
CHITTRON_4490.png,0,
CHITTRON_4491.png,0,
CHITTRON_4492.png,0,
CHITTRON_4493.png,0,
CHITTRON_4494.png,0,
CHITTRON_4495.png,0,
CHITTRON_4496.png,0,
CHITTRON_4497.png,0,
CHITTRON_4498.png,0,
CHITTRON_4499.png,0,
CHITTRON_45.png,0,
CHITTRON_450.png,0,
CHITTRON_4500.png,0,
CHITTRON_4501.png,0,
CHITTRON_4502.png,0,
CHITTRON_4503.png,0,
CHITTRON_4504.png,0,
CHITTRON_4505.png,0,
CHITTRON_4506.png,0,
CHITTRON_4507.png,0,
CHITTRON_4508.png,0,
CHITTRON_4509.png,0,
CHITTRON_451.png,0,
CHITTRON_4510.png,0,
CHITTRON_4511.png,0,
CHITTRON_4512.png,0,
CHITTRON_4513.png,0,
CHITTRON_4514.png,0,
CHITTRON_4515.png,0,
CHITTRON_4516.png,0,
CHITTRON_4517.png,0,
CHITTRON_4518.png,0,
CHITTRON_4519.png,0,
CHITTRON_452.png,0,
CHITTRON_4520.png,0,
CHITTRON_4521.png,0,
CHITTRON_4522.png,0,
CHITTRON_4523.png,0,
CHITTRON_4524.png,0,
CHITTRON_4525.png,0,
CHITTRON_4526.png,0,
CHITTRON_4527.png,0,
CHITTRON_4528.png,0,
CHITTRON_4529.png,0,
CHITTRON_453.png,0,
CHITTRON_4530.png,0,
CHITTRON_4531.png,0,
CHITTRON_4532.png,0,
CHITTRON_4533.png,0,
CHITTRON_4534.png,0,
CHITTRON_4535.png,0,
CHITTRON_4536.png,0,
CHITTRON_4537.png,0,
CHITTRON_4538.png,0,
CHITTRON_4539.png,0,
CHITTRON_454.png,0,
CHITTRON_4540.png,0,
CHITTRON_4541.png,0,
CHITTRON_4542.png,0,
CHITTRON_4543.png,0,
CHITTRON_4544.png,0,
CHITTRON_4545.png,0,
CHITTRON_4546.png,0,
CHITTRON_4547.png,0,
CHITTRON_4548.png,0,
CHITTRON_4549.png,0,
CHITTRON_455.png,0,
CHITTRON_4550.png,0,
CHITTRON_4551.png,0,
CHITTRON_4552.png,0,
CHITTRON_4553.png,0,
CHITTRON_4554.png,0,
CHITTRON_4555.png,0,
CHITTRON_4556.png,0,
CHITTRON_4557.png,0,
CHITTRON_4558.png,0,
CHITTRON_4559.png,0,
CHITTRON_456.png,0,
CHITTRON_4560.png,0,
CHITTRON_4561.png,0,
CHITTRON_4562.png,0,
CHITTRON_4563.png,0,
CHITTRON_4564.png,0,
CHITTRON_4565.png,0,
CHITTRON_4566.png,0,
CHITTRON_4567.png,0,
CHITTRON_4568.png,0,
CHITTRON_4569.png,0,
CHITTRON_457.png,0,
CHITTRON_4570.png,0,
CHITTRON_4571.png,0,
CHITTRON_4572.png,0,
CHITTRON_4573.png,0,
CHITTRON_4574.png,0,
CHITTRON_4575.png,0,
CHITTRON_4576.png,0,
CHITTRON_4577.png,0,
CHITTRON_4578.png,0,
CHITTRON_4579.png,0,
CHITTRON_458.png,0,
CHITTRON_4580.png,0,
CHITTRON_4581.png,0,
CHITTRON_4582.png,0,
CHITTRON_4583.png,0,
CHITTRON_4584.png,0,
CHITTRON_4585.png,0,
CHITTRON_4586.png,0,
CHITTRON_4587.png,0,
CHITTRON_4588.png,0,
CHITTRON_4589.png,0,
CHITTRON_459.png,0,
CHITTRON_4590.png,0,
CHITTRON_4591.png,0,
CHITTRON_4592.png,0,
CHITTRON_4593.png,0,
CHITTRON_4594.png,0,
CHITTRON_4595.png,0,
CHITTRON_4596.png,0,
CHITTRON_4597.png,0,
CHITTRON_4598.png,0,
CHITTRON_4599.png,0,
CHITTRON_46.png,0,
CHITTRON_460.png,0,
CHITTRON_4600.png,0,
CHITTRON_4601.png,0,
CHITTRON_4602.png,0,
CHITTRON_4603.png,0,
CHITTRON_4604.png,0,
CHITTRON_4605.png,0,
CHITTRON_4606.png,0,
CHITTRON_4607.png,0,
CHITTRON_4608.png,0,
CHITTRON_4609.png,0,
CHITTRON_461.png,0,
CHITTRON_4610.png,0,
CHITTRON_4612.png,0,
CHITTRON_4613.png,0,
CHITTRON_4614.png,0,
CHITTRON_4615.png,0,
CHITTRON_4616.png,0,
CHITTRON_4617.png,0,
CHITTRON_4618.png,0,
CHITTRON_4619.png,0,
CHITTRON_462.png,0,
CHITTRON_4620.png,0,
CHITTRON_4621.png,0,
CHITTRON_4622.png,0,
CHITTRON_4623.png,0,
CHITTRON_4624.png,0,
CHITTRON_4625.png,0,
CHITTRON_4626.png,0,
CHITTRON_4627.png,0,
CHITTRON_4628.png,0,
CHITTRON_4629.png,0,
CHITTRON_463.png,0,
CHITTRON_4630.png,0,
CHITTRON_4631.png,0,
CHITTRON_4632.png,0,
CHITTRON_4633.png,0,
CHITTRON_4634.png,0,
CHITTRON_4635.png,0,
CHITTRON_4636.png,0,
CHITTRON_4637.png,0,
CHITTRON_4638.png,0,
CHITTRON_4639.png,0,
CHITTRON_464.png,0,
CHITTRON_4640.png,0,
CHITTRON_4641.png,0,
CHITTRON_4642.png,0,
CHITTRON_4643.png,0,
CHITTRON_4644.png,0,
CHITTRON_4645.png,0,
CHITTRON_4646.png,0,
CHITTRON_4647.png,0,
CHITTRON_4648.png,0,
CHITTRON_4649.png,0,
CHITTRON_465.png,0,
CHITTRON_4650.png,0,
CHITTRON_4651.png,0,
CHITTRON_4652.png,0,
CHITTRON_4653.png,0,
CHITTRON_4654.png,0,
CHITTRON_4655.png,0,
CHITTRON_4656.png,0,
CHITTRON_4657.png,0,
CHITTRON_4658.png,0,
CHITTRON_4659.png,0,
CHITTRON_466.png,0,
CHITTRON_4660.png,0,
CHITTRON_4661.png,0,
CHITTRON_4662.png,0,
CHITTRON_4663.png,0,
CHITTRON_4664.png,0,
CHITTRON_4665.png,0,
CHITTRON_4666.png,0,
CHITTRON_4667.png,0,
CHITTRON_4668.png,0,
CHITTRON_4669.png,0,
CHITTRON_467.png,0,
CHITTRON_4670.png,0,
CHITTRON_4671.png,0,
CHITTRON_4672.png,0,
CHITTRON_4673.png,0,
CHITTRON_4674.png,0,
CHITTRON_4675.png,0,
CHITTRON_4676.png,0,
CHITTRON_4677.png,0,
CHITTRON_4678.png,0,
CHITTRON_4679.png,0,
CHITTRON_468.png,0,
CHITTRON_4680.png,0,
CHITTRON_4681.png,0,
CHITTRON_4682.png,0,
CHITTRON_4683.png,0,
CHITTRON_4684.png,0,
CHITTRON_4685.png,0,
CHITTRON_4686.png,0,
CHITTRON_4687.png,0,
CHITTRON_4688.png,0,
CHITTRON_4689.png,0,
CHITTRON_469.png,0,
CHITTRON_4690.png,0,
CHITTRON_4691.png,0,
CHITTRON_4692.png,0,
CHITTRON_4693.png,0,
CHITTRON_4694.png,0,
CHITTRON_4695.png,0,
CHITTRON_4696.png,0,
CHITTRON_4697.png,0,
CHITTRON_4698.png,0,
CHITTRON_4699.png,0,
CHITTRON_47.png,0,
CHITTRON_470.png,0,
CHITTRON_4700.png,0,
CHITTRON_4701.png,0,
CHITTRON_4702.png,0,
CHITTRON_4703.png,0,
CHITTRON_4704.png,0,
CHITTRON_4705.png,0,
CHITTRON_4706.png,0,
CHITTRON_4707.png,0,
CHITTRON_4708.png,0,
CHITTRON_4709.png,0,
CHITTRON_471.png,0,
CHITTRON_4710.png,0,
CHITTRON_4711.png,0,
CHITTRON_4712.png,0,
CHITTRON_4713.png,0,
CHITTRON_4714.png,0,
CHITTRON_4715.png,0,
CHITTRON_4716.png,0,
CHITTRON_4717.png,0,
CHITTRON_4718.png,0,
CHITTRON_4719.png,0,
CHITTRON_472.png,0,
CHITTRON_4720.png,0,
CHITTRON_4721.png,0,
CHITTRON_4722.png,0,
CHITTRON_4723.png,0,
CHITTRON_4724.png,0,
CHITTRON_4725.png,0,
CHITTRON_4726.png,0,
CHITTRON_4727.png,0,
CHITTRON_4728.png,0,
CHITTRON_4729.png,0,
CHITTRON_473.png,0,
CHITTRON_4730.png,0,
CHITTRON_4731.png,0,
CHITTRON_4732.png,0,
CHITTRON_4733.png,0,
CHITTRON_4734.png,0,
CHITTRON_4735.png,0,
CHITTRON_4736.png,0,
CHITTRON_4737.png,0,
CHITTRON_4738.png,0,
CHITTRON_4739.png,0,
CHITTRON_474.png,0,
CHITTRON_4740.png,0,
CHITTRON_4741.png,0,
CHITTRON_4742.png,0,
CHITTRON_4743.png,0,
CHITTRON_4744.png,0,
CHITTRON_4745.png,0,
CHITTRON_4746.png,0,
CHITTRON_4747.png,0,
CHITTRON_4748.png,0,
CHITTRON_4749.png,0,
CHITTRON_475.png,0,
CHITTRON_4750.png,0,
CHITTRON_4751.png,0,
CHITTRON_4752.png,0,
CHITTRON_4753.png,0,
CHITTRON_4754.png,0,
CHITTRON_4755.png,0,
CHITTRON_4756.png,0,
CHITTRON_4757.png,0,
CHITTRON_4758.png,0,
CHITTRON_4759.png,0,
CHITTRON_476.png,0,
CHITTRON_4760.png,0,
CHITTRON_4761.png,0,
CHITTRON_4762.png,0,
CHITTRON_4763.png,0,
CHITTRON_4764.png,0,
CHITTRON_4765.png,0,
CHITTRON_4766.png,0,
CHITTRON_4767.png,0,
CHITTRON_4768.png,0,
CHITTRON_4769.png,0,
CHITTRON_477.png,0,
CHITTRON_4770.png,0,
CHITTRON_4771.png,0,
CHITTRON_4772.png,0,
CHITTRON_4773.png,0,
CHITTRON_4774.png,0,
CHITTRON_4775.png,0,
CHITTRON_4776.png,0,
CHITTRON_4777.png,0,
CHITTRON_4778.png,0,
CHITTRON_4779.png,0,
CHITTRON_478.png,0,
CHITTRON_4780.png,0,
CHITTRON_4781.png,0,
CHITTRON_4782.png,0,
CHITTRON_4783.png,0,
CHITTRON_4784.png,0,
CHITTRON_4785.png,0,
CHITTRON_4786.png,0,
CHITTRON_4787.png,0,
CHITTRON_4788.png,0,
CHITTRON_4789.png,0,
CHITTRON_479.png,0,
CHITTRON_4790.png,0,
CHITTRON_4791.png,0,
CHITTRON_4792.png,0,
CHITTRON_4793.png,0,
CHITTRON_4794.png,0,
CHITTRON_4795.png,0,
CHITTRON_4796.png,0,
CHITTRON_4797.png,0,
CHITTRON_4798.png,0,
CHITTRON_4799.png,0,
CHITTRON_48.png,0,
CHITTRON_480.png,0,
CHITTRON_4800.png,0,
CHITTRON_4801.png,0,
CHITTRON_4802.png,0,
CHITTRON_4803.png,0,
CHITTRON_4804.png,0,
CHITTRON_4805.png,0,
CHITTRON_4806.png,0,
CHITTRON_4807.png,0,
CHITTRON_4808.png,0,
CHITTRON_4809.png,0,
CHITTRON_481.png,0,
CHITTRON_4810.png,0,
CHITTRON_4811.png,0,
CHITTRON_4812.png,0,
CHITTRON_4813.png,0,
CHITTRON_4814.png,0,
CHITTRON_4815.png,0,
CHITTRON_4816.png,0,
CHITTRON_4817.png,0,
CHITTRON_4818.png,0,
CHITTRON_4819.png,0,
CHITTRON_482.png,0,
CHITTRON_4820.png,0,
CHITTRON_4821.png,0,
CHITTRON_4822.png,0,
CHITTRON_4823.png,0,
CHITTRON_4824.png,0,
CHITTRON_4825.png,0,
CHITTRON_4826.png,0,
CHITTRON_4827.png,0,
CHITTRON_4828.png,0,
CHITTRON_4829.png,0,
CHITTRON_483.png,0,
CHITTRON_4830.png,0,
CHITTRON_4831.png,0,
CHITTRON_4832.png,0,
CHITTRON_4833.png,0,
CHITTRON_4834.png,0,
CHITTRON_4835.png,0,
CHITTRON_4836.png,0,
CHITTRON_4837.png,0,
CHITTRON_4838.png,0,
CHITTRON_4839.png,0,
CHITTRON_484.png,0,
CHITTRON_4840.png,0,
CHITTRON_4841.png,0,
CHITTRON_4842.png,0,
CHITTRON_4843.png,0,
CHITTRON_4844.png,0,
CHITTRON_4845.png,0,
CHITTRON_4846.png,0,
CHITTRON_4847.png,0,
CHITTRON_4848.png,0,
CHITTRON_4849.png,0,
CHITTRON_485.png,0,
CHITTRON_4850.png,0,
CHITTRON_4851.png,0,
CHITTRON_4852.png,0,
CHITTRON_4853.png,0,
CHITTRON_4854.png,0,
CHITTRON_4855.png,0,
CHITTRON_4856.png,0,
CHITTRON_4857.png,0,
CHITTRON_4858.png,0,
CHITTRON_4859.png,0,
CHITTRON_486.png,0,
CHITTRON_4860.png,0,
CHITTRON_4861.png,0,
CHITTRON_4862.png,0,
CHITTRON_4863.png,0,
CHITTRON_4864.png,0,
CHITTRON_4865.png,0,
CHITTRON_4866.png,0,
CHITTRON_4867.png,0,
CHITTRON_4868.png,0,
CHITTRON_4869.png,0,
CHITTRON_487.png,0,
CHITTRON_4870.png,0,
CHITTRON_4871.png,0,
CHITTRON_4872.png,0,
CHITTRON_4873.png,0,
CHITTRON_4874.png,0,
CHITTRON_4875.png,0,
CHITTRON_4876.png,0,
CHITTRON_4877.png,0,
CHITTRON_4878.png,0,
CHITTRON_4879.png,0,
CHITTRON_488.png,0,
CHITTRON_4880.png,0,
CHITTRON_4881.png,0,
CHITTRON_4882.png,0,
CHITTRON_4883.png,0,
CHITTRON_4884.png,0,
CHITTRON_4885.png,0,
CHITTRON_4886.png,0,
CHITTRON_4887.png,0,
CHITTRON_4888.png,0,
CHITTRON_4889.png,0,
CHITTRON_489.png,0,
CHITTRON_4890.png,0,
CHITTRON_4891.png,0,
CHITTRON_4892.png,0,
CHITTRON_4893.png,0,
CHITTRON_4894.png,0,
CHITTRON_4895.png,0,
CHITTRON_4896.png,0,
CHITTRON_4897.png,0,
CHITTRON_4898.png,0,
CHITTRON_4899.png,0,
CHITTRON_49.png,0,
CHITTRON_490.png,0,
CHITTRON_4900.png,0,
CHITTRON_4901.png,0,
CHITTRON_4902.png,0,
CHITTRON_4903.png,0,
CHITTRON_4904.png,0,
CHITTRON_4905.png,0,
CHITTRON_4906.png,0,
CHITTRON_4907.png,0,
CHITTRON_4908.png,0,
CHITTRON_4909.png,0,
CHITTRON_491.png,0,
CHITTRON_4910.png,0,
CHITTRON_4911.png,0,
CHITTRON_4912.png,0,
CHITTRON_4913.png,0,
CHITTRON_4914.png,0,
CHITTRON_4915.png,0,
CHITTRON_4916.png,0,
CHITTRON_4917.png,0,
CHITTRON_4918.png,0,
CHITTRON_4919.png,0,
CHITTRON_492.png,0,
CHITTRON_4920.png,0,
CHITTRON_4921.png,0,
CHITTRON_4922.png,0,
CHITTRON_4923.png,0,
CHITTRON_4924.png,0,
CHITTRON_4925.png,0,
CHITTRON_4926.png,0,
CHITTRON_4927.png,0,
CHITTRON_4928.png,0,
CHITTRON_4929.png,0,
CHITTRON_493.png,0,
CHITTRON_4930.png,0,
CHITTRON_4931.png,0,
CHITTRON_4932.png,0,
CHITTRON_4933.png,0,
CHITTRON_4934.png,0,
CHITTRON_4935.png,0,
CHITTRON_4936.png,0,
CHITTRON_4937.png,0,
CHITTRON_4938.png,0,
CHITTRON_4939.png,0,
CHITTRON_494.png,0,
CHITTRON_4940.png,0,
CHITTRON_4941.png,0,
CHITTRON_4942.png,0,
CHITTRON_4943.png,0,
CHITTRON_4944.png,0,
CHITTRON_4945.png,0,
CHITTRON_4946.png,0,
CHITTRON_4947.png,0,
CHITTRON_4948.png,0,
CHITTRON_4949.png,0,
CHITTRON_495.png,0,
CHITTRON_4950.png,0,
CHITTRON_4951.png,0,
CHITTRON_4952.png,0,
CHITTRON_4953.png,0,
CHITTRON_4954.png,0,
CHITTRON_4955.png,0,
CHITTRON_4956.png,0,
CHITTRON_4957.png,0,
CHITTRON_4958.png,0,
CHITTRON_4959.png,0,
CHITTRON_496.png,0,
CHITTRON_4960.png,0,
CHITTRON_4961.png,0,
CHITTRON_4962.png,0,
CHITTRON_4963.png,0,
CHITTRON_4964.png,0,
CHITTRON_4965.png,0,
CHITTRON_4966.png,0,
CHITTRON_4967.png,0,
CHITTRON_4968.png,0,
CHITTRON_4969.png,0,
CHITTRON_497.png,0,
CHITTRON_4970.png,0,
CHITTRON_4971.png,0,
CHITTRON_4972.png,0,
CHITTRON_4973.png,0,
CHITTRON_4974.png,0,
CHITTRON_4975.png,0,
CHITTRON_4976.png,0,
CHITTRON_4977.png,0,
CHITTRON_4978.png,0,
CHITTRON_4979.png,0,
CHITTRON_498.png,0,
CHITTRON_4980.png,0,
CHITTRON_4981.png,0,
CHITTRON_4982.png,0,
CHITTRON_4983.png,0,
CHITTRON_4984.png,0,
CHITTRON_4985.png,0,
CHITTRON_4986.png,0,
CHITTRON_4987.png,0,
CHITTRON_4988.png,0,
CHITTRON_4989.png,0,
CHITTRON_499.png,0,
CHITTRON_4990.png,0,
CHITTRON_4991.png,0,
CHITTRON_4992.png,0,
CHITTRON_4993.png,0,
CHITTRON_4994.png,0,
CHITTRON_4995.png,0,
CHITTRON_4996.png,0,
CHITTRON_4997.png,0,
CHITTRON_4998.png,0,
CHITTRON_4999.png,0,
CHITTRON_5.png,0,
CHITTRON_50.png,0,
CHITTRON_500.png,0,
CHITTRON_5000.png,0,
CHITTRON_5001.png,0,
CHITTRON_5002.png,0,
CHITTRON_5003.png,0,
CHITTRON_5004.png,0,
CHITTRON_5005.png,0,
CHITTRON_5006.png,0,
CHITTRON_5007.png,0,
CHITTRON_5008.png,0,
CHITTRON_5009.png,0,
CHITTRON_501.png,0,
CHITTRON_5010.png,0,
CHITTRON_5011.png,0,
CHITTRON_5012.png,0,
CHITTRON_5013.png,0,
CHITTRON_5014.png,0,
CHITTRON_5015.png,0,
CHITTRON_5016.png,0,
CHITTRON_5017.png,0,
CHITTRON_5018.png,0,
CHITTRON_5019.png,0,
CHITTRON_502.png,0,
CHITTRON_5020.png,0,
CHITTRON_5021.png,0,
CHITTRON_5022.png,0,
CHITTRON_5023.png,0,
CHITTRON_5024.png,0,
CHITTRON_5025.png,0,
CHITTRON_5026.png,0,
CHITTRON_5027.png,0,
CHITTRON_5028.png,0,
CHITTRON_5029.png,0,
CHITTRON_503.png,0,
CHITTRON_5030.png,0,
CHITTRON_5031.png,0,
CHITTRON_5032.png,0,
CHITTRON_5033.png,0,
CHITTRON_5034.png,0,
CHITTRON_5035.png,0,
CHITTRON_5036.png,0,
CHITTRON_5037.png,0,
CHITTRON_5038.png,0,
CHITTRON_5039.png,0,
CHITTRON_504.png,0,
CHITTRON_5040.png,0,
CHITTRON_5041.png,0,
CHITTRON_5042.png,0,
CHITTRON_5043.png,0,
CHITTRON_5044.png,0,
CHITTRON_5045.png,0,
CHITTRON_5046.png,0,
CHITTRON_5047.png,0,
CHITTRON_5048.png,0,
CHITTRON_505.png,0,
CHITTRON_5050.png,0,
CHITTRON_5051.png,0,
CHITTRON_5052.png,0,
CHITTRON_5053.png,0,
CHITTRON_5054.png,0,
CHITTRON_5055.png,0,
CHITTRON_5056.png,0,
CHITTRON_5057.png,0,
CHITTRON_5058.png,0,
CHITTRON_5059.png,0,
CHITTRON_506.png,0,
CHITTRON_5060.png,0,
CHITTRON_5061.png,0,
CHITTRON_5062.png,0,
CHITTRON_5063.png,0,
CHITTRON_5064.png,0,
CHITTRON_5065.png,0,
CHITTRON_5066.png,0,
CHITTRON_5067.png,0,
CHITTRON_5068.png,0,
CHITTRON_5069.png,0,
CHITTRON_507.png,0,
CHITTRON_5070.png,0,
CHITTRON_5071.png,0,
CHITTRON_5072.png,0,
CHITTRON_5073.png,0,
CHITTRON_5074.png,0,
CHITTRON_5075.png,0,
CHITTRON_5076.png,0,
CHITTRON_5077.png,0,
CHITTRON_5078.png,0,
CHITTRON_5079.png,0,
CHITTRON_508.png,0,
CHITTRON_5080.png,0,
CHITTRON_5081.png,0,
CHITTRON_5082.png,0,
CHITTRON_5083.png,0,
CHITTRON_5084.png,0,
CHITTRON_5085.png,0,
CHITTRON_5086.png,0,
CHITTRON_5087.png,0,
CHITTRON_5088.png,0,
CHITTRON_5089.png,0,
CHITTRON_509.png,0,
CHITTRON_5090.png,0,
CHITTRON_5091.png,0,
CHITTRON_5092.png,0,
CHITTRON_5093.png,0,
CHITTRON_5094.png,0,
CHITTRON_5095.png,0,
CHITTRON_5096.png,0,
CHITTRON_5097.png,0,
CHITTRON_5098.png,0,
CHITTRON_5099.png,0,
CHITTRON_51.png,0,
CHITTRON_510.png,0,
CHITTRON_5100.png,0,
CHITTRON_5101.png,0,
CHITTRON_5102.png,0,
CHITTRON_5103.png,0,
CHITTRON_5104.png,0,
CHITTRON_5105.png,0,
CHITTRON_5106.png,0,
CHITTRON_5107.png,0,
CHITTRON_5108.png,0,
CHITTRON_5109.png,0,
CHITTRON_511.png,0,
CHITTRON_5110.png,0,
CHITTRON_5111.png,0,
CHITTRON_5112.png,0,
CHITTRON_5113.png,0,
CHITTRON_5114.png,0,
CHITTRON_5115.png,0,
CHITTRON_5116.png,0,
CHITTRON_5117.png,0,
CHITTRON_5118.png,0,
CHITTRON_5119.png,0,
CHITTRON_512.png,0,
CHITTRON_5120.png,0,
CHITTRON_5121.png,0,
CHITTRON_5122.png,0,
CHITTRON_5123.png,0,
CHITTRON_5124.png,0,
CHITTRON_5125.png,0,
CHITTRON_5126.png,0,
CHITTRON_5127.png,0,
CHITTRON_5128.png,0,
CHITTRON_5129.png,0,
CHITTRON_513.png,0,
CHITTRON_5130.png,0,
CHITTRON_5131.png,0,
CHITTRON_5132.png,0,
CHITTRON_5133.png,0,
CHITTRON_5134.png,0,
CHITTRON_5135.png,0,
CHITTRON_5136.png,0,
CHITTRON_5137.png,0,
CHITTRON_5138.png,0,
CHITTRON_5139.png,0,
CHITTRON_514.png,0,
CHITTRON_5140.png,0,
CHITTRON_5141.png,0,
CHITTRON_5142.png,0,
CHITTRON_5143.png,0,
CHITTRON_5144.png,0,
CHITTRON_5145.png,0,
CHITTRON_5146.png,0,
CHITTRON_5147.png,0,
CHITTRON_5148.png,0,
CHITTRON_5149.png,0,
CHITTRON_515.png,0,
CHITTRON_5150.png,0,
CHITTRON_5151.png,0,
CHITTRON_5152.png,0,
CHITTRON_5153.png,0,
CHITTRON_5154.png,0,
CHITTRON_5155.png,0,
CHITTRON_5156.png,0,
CHITTRON_5157.png,0,
CHITTRON_5158.png,0,
CHITTRON_5159.png,0,
CHITTRON_516.png,0,
CHITTRON_5160.png,0,
CHITTRON_5161.png,0,
CHITTRON_5162.png,0,
CHITTRON_5163.png,0,
CHITTRON_5164.png,0,
CHITTRON_5165.png,0,
CHITTRON_5166.png,0,
CHITTRON_5167.png,0,
CHITTRON_5168.png,0,
CHITTRON_5169.png,0,
CHITTRON_517.png,0,
CHITTRON_5170.png,0,
CHITTRON_5171.png,0,
CHITTRON_5172.png,0,
CHITTRON_5173.png,0,
CHITTRON_5174.png,0,
CHITTRON_5175.png,0,
CHITTRON_5176.png,0,
CHITTRON_5177.png,0,
CHITTRON_5178.png,0,
CHITTRON_5179.png,0,
CHITTRON_518.png,0,
CHITTRON_5180.png,0,
CHITTRON_5181.png,0,
CHITTRON_5182.png,0,
CHITTRON_5183.png,0,
CHITTRON_5184.png,0,
CHITTRON_5185.png,0,
CHITTRON_5186.png,0,
CHITTRON_5187.png,0,
CHITTRON_5188.png,0,
CHITTRON_5189.png,0,
CHITTRON_519.png,0,
CHITTRON_5190.png,0,
CHITTRON_5191.png,0,
CHITTRON_5192.png,0,
CHITTRON_5193.png,0,
CHITTRON_5194.png,0,
CHITTRON_5195.png,0,
CHITTRON_5196.png,0,
CHITTRON_5197.png,0,
CHITTRON_5198.png,0,
CHITTRON_5199.png,0,
CHITTRON_52.png,0,
CHITTRON_520.png,0,
CHITTRON_5200.png,0,
CHITTRON_5201.png,0,
CHITTRON_5202.png,0,
CHITTRON_5203.png,0,
CHITTRON_5204.png,0,
CHITTRON_5205.png,0,
CHITTRON_5206.png,0,
CHITTRON_5207.png,0,
CHITTRON_5208.png,0,
CHITTRON_5209.png,0,
CHITTRON_521.png,0,
CHITTRON_5210.png,0,
CHITTRON_5211.png,0,
CHITTRON_5212.png,0,
CHITTRON_5213.png,0,
CHITTRON_5214.png,0,
CHITTRON_5215.png,0,
CHITTRON_5216.png,0,
CHITTRON_5217.png,0,
CHITTRON_5218.png,0,
CHITTRON_5219.png,0,
CHITTRON_522.png,0,
CHITTRON_5220.png,0,
CHITTRON_5221.png,0,
CHITTRON_5222.png,0,
CHITTRON_5223.png,0,
CHITTRON_5224.png,0,
CHITTRON_5225.png,0,
CHITTRON_5226.png,0,
CHITTRON_5227.png,0,
CHITTRON_5228.png,0,
CHITTRON_5229.png,0,
CHITTRON_523.png,0,
CHITTRON_5230.png,0,
CHITTRON_5231.png,0,
CHITTRON_5232.png,0,
CHITTRON_5233.png,0,
CHITTRON_5234.png,0,
CHITTRON_5235.png,0,
CHITTRON_5236.png,0,
CHITTRON_5237.png,0,
CHITTRON_5238.png,0,
CHITTRON_5239.png,0,
CHITTRON_524.png,0,
CHITTRON_5240.png,0,
CHITTRON_5241.png,0,
CHITTRON_5242.png,0,
CHITTRON_5243.png,0,
CHITTRON_5244.png,0,
CHITTRON_5245.png,0,
CHITTRON_5246.png,0,
CHITTRON_5247.png,0,
CHITTRON_5248.png,0,
CHITTRON_5249.png,0,
CHITTRON_525.png,0,
CHITTRON_5250.png,0,
CHITTRON_5251.png,0,
CHITTRON_5252.png,0,
CHITTRON_5253.png,0,
CHITTRON_5254.png,0,
CHITTRON_5255.png,0,
CHITTRON_5256.png,0,
CHITTRON_5257.png,0,
CHITTRON_5258.png,0,
CHITTRON_5259.png,0,
CHITTRON_526.png,0,
CHITTRON_5260.png,0,
CHITTRON_5261.png,0,
CHITTRON_5262.png,0,
CHITTRON_5263.png,0,
CHITTRON_5264.png,0,
CHITTRON_5265.png,0,
CHITTRON_5266.png,0,
CHITTRON_5267.png,0,
CHITTRON_5268.png,0,
CHITTRON_5269.png,0,
CHITTRON_527.png,0,
CHITTRON_5270.png,0,
CHITTRON_5271.png,0,
CHITTRON_5272.png,0,
CHITTRON_5273.png,0,
CHITTRON_5274.png,0,
CHITTRON_5275.png,0,
CHITTRON_5276.png,0,
CHITTRON_5277.png,0,
CHITTRON_5278.png,0,
CHITTRON_5279.png,0,
CHITTRON_528.png,0,
CHITTRON_5280.png,0,
CHITTRON_5281.png,0,
CHITTRON_5282.png,0,
CHITTRON_5283.png,0,
CHITTRON_5284.png,0,
CHITTRON_5285.png,0,
CHITTRON_5286.png,0,
CHITTRON_5287.png,0,
CHITTRON_5288.png,0,
CHITTRON_5289.png,0,
CHITTRON_529.png,0,
CHITTRON_5290.png,0,
CHITTRON_5291.png,0,
CHITTRON_5292.png,0,
CHITTRON_5293.png,0,
CHITTRON_5294.png,0,
CHITTRON_5295.png,0,
CHITTRON_5296.png,0,
CHITTRON_5297.png,0,
CHITTRON_5298.png,0,
CHITTRON_5299.png,0,
CHITTRON_53.png,0,
CHITTRON_530.png,0,
CHITTRON_5300.png,0,
CHITTRON_5301.png,0,
CHITTRON_5302.png,0,
CHITTRON_5303.png,0,
CHITTRON_5304.png,0,
CHITTRON_5305.png,0,
CHITTRON_5306.png,0,
CHITTRON_5307.png,0,
CHITTRON_5308.png,0,
CHITTRON_5309.png,0,
CHITTRON_531.png,0,
CHITTRON_5310.png,0,
CHITTRON_5311.png,0,
CHITTRON_5312.png,0,
CHITTRON_5313.png,0,
CHITTRON_5314.png,0,
CHITTRON_5315.png,0,
CHITTRON_5316.png,0,
CHITTRON_5317.png,0,
CHITTRON_5318.png,0,
CHITTRON_5319.png,0,
CHITTRON_532.png,0,
CHITTRON_5320.png,0,
CHITTRON_5321.png,0,
CHITTRON_5322.png,0,
CHITTRON_5323.png,0,
CHITTRON_5324.png,0,
CHITTRON_5325.png,0,
CHITTRON_5326.png,0,
CHITTRON_5327.png,0,
CHITTRON_5328.png,0,
CHITTRON_5329.png,0,
CHITTRON_533.png,0,
CHITTRON_5330.png,0,
CHITTRON_5331.png,0,
CHITTRON_5332.png,0,
CHITTRON_5333.png,0,
CHITTRON_5334.png,0,
CHITTRON_5335.png,0,
CHITTRON_5336.png,0,
CHITTRON_5337.png,0,
CHITTRON_5338.png,0,
CHITTRON_5339.png,0,
CHITTRON_534.png,0,
CHITTRON_5340.png,0,
CHITTRON_5341.png,0,
CHITTRON_5342.png,0,
CHITTRON_5343.png,0,
CHITTRON_5344.png,0,
CHITTRON_5345.png,0,
CHITTRON_5346.png,0,
CHITTRON_5347.png,0,
CHITTRON_5348.png,0,
CHITTRON_5349.png,0,
CHITTRON_535.png,0,
CHITTRON_5350.png,0,
CHITTRON_5351.png,0,
CHITTRON_5352.png,0,
CHITTRON_5353.png,0,
CHITTRON_5354.png,0,
CHITTRON_5357.png,0,
CHITTRON_5358.png,0,
CHITTRON_5359.png,0,
CHITTRON_536.png,0,
CHITTRON_5360.png,0,
CHITTRON_5361.png,0,
CHITTRON_5362.png,0,
CHITTRON_5363.png,0,
CHITTRON_5364.png,0,
CHITTRON_5365.png,0,
CHITTRON_5366.png,0,
CHITTRON_5367.png,0,
CHITTRON_5368.png,0,
CHITTRON_5369.png,0,
CHITTRON_537.png,0,
CHITTRON_5370.png,0,
CHITTRON_5371.png,0,
CHITTRON_5372.png,0,
CHITTRON_5373.png,0,
CHITTRON_5374.png,0,
CHITTRON_5375.png,0,
CHITTRON_5376.png,0,
CHITTRON_5377.png,0,
CHITTRON_5378.png,0,
CHITTRON_5379.png,0,
CHITTRON_538.png,0,
CHITTRON_5380.png,0,
CHITTRON_5381.png,0,
CHITTRON_5382.png,0,
CHITTRON_5383.png,0,
CHITTRON_5384.png,0,
CHITTRON_5385.png,0,
CHITTRON_5386.png,0,
CHITTRON_5387.png,0,
CHITTRON_5388.png,0,
CHITTRON_5389.png,0,
CHITTRON_539.png,0,
CHITTRON_5390.png,0,
CHITTRON_5391.png,0,
CHITTRON_5392.png,0,
CHITTRON_5393.png,0,
CHITTRON_5394.png,0,
CHITTRON_5395.png,0,
CHITTRON_5396.png,0,
CHITTRON_5397.png,0,
CHITTRON_5398.png,0,
CHITTRON_5399.png,0,
CHITTRON_54.png,0,
CHITTRON_540.png,0,
CHITTRON_5400.png,0,
CHITTRON_5401.png,0,
CHITTRON_5402.png,0,
CHITTRON_5403.png,0,
CHITTRON_5404.png,0,
CHITTRON_5405.png,0,
CHITTRON_5406.png,0,
CHITTRON_5407.png,0,
CHITTRON_5408.png,0,
CHITTRON_5409.png,0,
CHITTRON_541.png,0,
CHITTRON_5410.png,0,
CHITTRON_5411.png,0,
CHITTRON_5412.png,0,
CHITTRON_5413.png,0,
CHITTRON_5414.png,0,
CHITTRON_5415.png,0,
CHITTRON_5416.png,0,
CHITTRON_5417.png,0,
CHITTRON_5418.png,0,
CHITTRON_5419.png,0,
CHITTRON_542.png,0,
CHITTRON_5420.png,0,
CHITTRON_5421.png,0,
CHITTRON_5422.png,0,
CHITTRON_5423.png,0,
CHITTRON_5424.png,0,
CHITTRON_5425.png,0,
CHITTRON_5426.png,0,
CHITTRON_5427.png,0,
CHITTRON_5428.png,0,
CHITTRON_5429.png,0,
CHITTRON_543.png,0,
CHITTRON_5430.png,0,
CHITTRON_5431.png,0,
CHITTRON_5432.png,0,
CHITTRON_5433.png,0,
CHITTRON_5434.png,0,
CHITTRON_5435.png,0,
CHITTRON_5436.png,0,
CHITTRON_5437.png,0,
CHITTRON_5438.png,0,
CHITTRON_5440.png,0,
CHITTRON_5441.png,0,
CHITTRON_5442.png,0,
CHITTRON_5443.png,0,
CHITTRON_5444.png,0,
CHITTRON_5445.png,0,
CHITTRON_5446.png,0,
CHITTRON_5447.png,0,
CHITTRON_5448.png,0,
CHITTRON_5449.png,0,
CHITTRON_545.png,0,
CHITTRON_5450.png,0,
CHITTRON_5451.png,0,
CHITTRON_5452.png,0,
CHITTRON_5453.png,0,
CHITTRON_5454.png,0,
CHITTRON_5455.png,0,
CHITTRON_5456.png,0,
CHITTRON_5457.png,0,
CHITTRON_5458.png,0,
CHITTRON_5459.png,0,
CHITTRON_546.png,0,
CHITTRON_5460.png,0,
CHITTRON_5461.png,0,
CHITTRON_5462.png,0,
CHITTRON_5463.png,0,
CHITTRON_5464.png,0,
CHITTRON_5465.png,0,
CHITTRON_5466.png,0,
CHITTRON_5467.png,0,
CHITTRON_5468.png,0,
CHITTRON_5469.png,0,
CHITTRON_547.png,0,
CHITTRON_5470.png,0,
CHITTRON_5471.png,0,
CHITTRON_5472.png,0,
CHITTRON_5473.png,0,
CHITTRON_5474.png,0,
CHITTRON_5475.png,0,
CHITTRON_5476.png,0,
CHITTRON_5477.png,0,
CHITTRON_5478.png,0,
CHITTRON_5479.png,0,
CHITTRON_548.png,0,
CHITTRON_5480.png,0,
CHITTRON_5481.png,0,
CHITTRON_5482.png,0,
CHITTRON_5483.png,0,
CHITTRON_5484.png,0,
CHITTRON_5485.png,0,
CHITTRON_5486.png,0,
CHITTRON_5487.png,0,
CHITTRON_5488.png,0,
CHITTRON_5489.png,0,
CHITTRON_549.png,0,
CHITTRON_5490.png,0,
CHITTRON_5491.png,0,
CHITTRON_5492.png,0,
CHITTRON_5493.png,0,
CHITTRON_5494.png,0,
CHITTRON_5495.png,0,
CHITTRON_5496.png,0,
CHITTRON_5497.png,0,
CHITTRON_5498.png,0,
CHITTRON_5499.png,0,
CHITTRON_55.png,0,
CHITTRON_550.png,0,
CHITTRON_5500.png,0,
CHITTRON_5501.png,0,
CHITTRON_5502.png,0,
CHITTRON_5503.png,0,
CHITTRON_5504.png,0,
CHITTRON_5505.png,0,
CHITTRON_5506.png,0,
CHITTRON_5507.png,0,
CHITTRON_5508.png,0,
CHITTRON_5509.png,0,
CHITTRON_551.png,0,
CHITTRON_5510.png,0,
CHITTRON_5511.png,0,
CHITTRON_5512.png,0,
CHITTRON_5513.png,0,
CHITTRON_5514.png,0,
CHITTRON_5515.png,0,
CHITTRON_5516.png,0,
CHITTRON_5517.png,0,
CHITTRON_5518.png,0,
CHITTRON_5519.png,0,
CHITTRON_552.png,0,
CHITTRON_5520.png,0,
CHITTRON_5521.png,0,
CHITTRON_5522.png,0,
CHITTRON_5523.png,0,
CHITTRON_5524.png,0,
CHITTRON_5525.png,0,
CHITTRON_5526.png,0,
CHITTRON_5527.png,0,
CHITTRON_5528.png,0,
CHITTRON_5529.png,0,
CHITTRON_553.png,0,
CHITTRON_5530.png,0,
CHITTRON_5531.png,0,
CHITTRON_5532.png,0,
CHITTRON_5533.png,0,
CHITTRON_5534.png,0,
CHITTRON_5535.png,0,
CHITTRON_5536.png,0,
CHITTRON_5537.png,0,
CHITTRON_5538.png,0,
CHITTRON_5539.png,0,
CHITTRON_554.png,0,
CHITTRON_5540.png,0,
CHITTRON_5541.png,0,
CHITTRON_5542.png,0,
CHITTRON_5543.png,0,
CHITTRON_5544.png,0,
CHITTRON_5545.png,0,
CHITTRON_5546.png,0,
CHITTRON_5547.png,0,
CHITTRON_5548.png,0,
CHITTRON_5549.png,0,
CHITTRON_555.png,0,
CHITTRON_5550.png,0,
CHITTRON_5551.png,0,
CHITTRON_5552.png,0,
CHITTRON_5553.png,0,
CHITTRON_5554.png,0,
CHITTRON_5555.png,0,
CHITTRON_5556.png,0,
CHITTRON_5557.png,0,
CHITTRON_5558.png,0,
CHITTRON_5559.png,0,
CHITTRON_556.png,0,
CHITTRON_5560.png,0,
CHITTRON_5561.png,0,
CHITTRON_5562.png,0,
CHITTRON_5563.png,0,
CHITTRON_5564.png,0,
CHITTRON_5565.png,0,
CHITTRON_5566.png,0,
CHITTRON_5567.png,0,
CHITTRON_5568.png,0,
CHITTRON_5569.png,0,
CHITTRON_557.png,0,
CHITTRON_5570.png,0,
CHITTRON_5571.png,0,
CHITTRON_5572.png,0,
CHITTRON_5573.png,0,
CHITTRON_5574.png,0,
CHITTRON_5575.png,0,
CHITTRON_5576.png,0,
CHITTRON_5577.png,0,
CHITTRON_5578.png,0,
CHITTRON_5579.png,0,
CHITTRON_558.png,0,
CHITTRON_5580.png,0,
CHITTRON_5581.png,0,
CHITTRON_5582.png,0,
CHITTRON_5583.png,0,
CHITTRON_5584.png,0,
CHITTRON_5585.png,0,
CHITTRON_5586.png,0,
CHITTRON_5587.png,0,
CHITTRON_5588.png,0,
CHITTRON_5589.png,0,
CHITTRON_559.png,0,
CHITTRON_5590.png,0,
CHITTRON_5591.png,0,
CHITTRON_5592.png,0,
CHITTRON_5593.png,0,
CHITTRON_5594.png,0,
CHITTRON_5595.png,0,
CHITTRON_5596.png,0,
CHITTRON_5597.png,0,
CHITTRON_5598.png,0,
CHITTRON_5599.png,0,
CHITTRON_56.png,0,
CHITTRON_560.png,0,
CHITTRON_5600.png,0,
CHITTRON_5601.png,0,
CHITTRON_5602.png,0,
CHITTRON_5603.png,0,
CHITTRON_5604.png,0,
CHITTRON_5605.png,0,
CHITTRON_5606.png,0,
CHITTRON_5607.png,0,
CHITTRON_5608.png,0,
CHITTRON_5609.png,0,
CHITTRON_561.png,0,
CHITTRON_5610.png,0,
CHITTRON_5611.png,0,
CHITTRON_5612.png,0,
CHITTRON_5613.png,0,
CHITTRON_5614.png,0,
CHITTRON_5615.png,0,
CHITTRON_5616.png,0,
CHITTRON_5617.png,0,
CHITTRON_5618.png,0,
CHITTRON_5619.png,0,
CHITTRON_562.png,0,
CHITTRON_5620.png,0,
CHITTRON_5621.png,0,
CHITTRON_5622.png,0,
CHITTRON_5623.png,0,
CHITTRON_5624.png,0,
CHITTRON_5625.png,0,
CHITTRON_5626.png,0,
CHITTRON_5627.png,0,
CHITTRON_5628.png,0,
CHITTRON_5629.png,0,
CHITTRON_563.png,0,
CHITTRON_5630.png,0,
CHITTRON_5631.png,0,
CHITTRON_5632.png,0,
CHITTRON_5633.png,0,
CHITTRON_5634.png,0,
CHITTRON_5635.png,0,
CHITTRON_5636.png,0,
CHITTRON_5637.png,0,
CHITTRON_5638.png,0,
CHITTRON_5639.png,0,
CHITTRON_564.png,0,
CHITTRON_5640.png,0,
CHITTRON_5641.png,0,
CHITTRON_5642.png,0,
CHITTRON_5643.png,0,
CHITTRON_5644.png,0,
CHITTRON_5645.png,0,
CHITTRON_5646.png,0,
CHITTRON_5647.png,0,
CHITTRON_5648.png,0,
CHITTRON_5649.png,0,
CHITTRON_565.png,0,
CHITTRON_5650.png,0,
CHITTRON_5651.png,0,
CHITTRON_5652.png,0,
CHITTRON_5653.png,0,
CHITTRON_5654.png,0,
CHITTRON_5655.png,0,
CHITTRON_5656.png,0,
CHITTRON_5657.png,0,
CHITTRON_5658.png,0,
CHITTRON_5659.png,0,
CHITTRON_566.png,0,
CHITTRON_5660.png,0,
CHITTRON_5661.png,0,
CHITTRON_5662.png,0,
CHITTRON_5663.png,0,
CHITTRON_5664.png,0,
CHITTRON_5665.png,0,
CHITTRON_5666.png,0,
CHITTRON_5667.png,0,
CHITTRON_5668.png,0,
CHITTRON_5669.png,0,
CHITTRON_567.png,0,
CHITTRON_5670.png,0,
CHITTRON_5671.png,0,
CHITTRON_5672.png,0,
CHITTRON_5673.png,0,
CHITTRON_5674.png,0,
CHITTRON_5675.png,0,
CHITTRON_5676.png,0,
CHITTRON_5677.png,0,
CHITTRON_5678.png,0,
CHITTRON_5679.png,0,
CHITTRON_568.png,0,
CHITTRON_5680.png,0,
CHITTRON_5681.png,0,
CHITTRON_5682.png,0,
CHITTRON_5683.png,0,
CHITTRON_5684.png,0,
CHITTRON_5685.png,0,
CHITTRON_5686.png,0,
CHITTRON_5687.png,0,
CHITTRON_5688.png,0,
CHITTRON_5689.png,0,
CHITTRON_569.png,0,
CHITTRON_5690.png,0,
CHITTRON_5691.png,0,
CHITTRON_5692.png,0,
CHITTRON_5693.png,0,
CHITTRON_5694.png,0,
CHITTRON_5695.png,0,
CHITTRON_5696.png,0,
CHITTRON_5697.png,0,
CHITTRON_5698.png,0,
CHITTRON_5699.png,0,
CHITTRON_57.png,0,
CHITTRON_570.png,0,
CHITTRON_5700.png,0,
CHITTRON_5701.png,0,
CHITTRON_5702.png,0,
CHITTRON_5703.png,0,
CHITTRON_5704.png,0,
CHITTRON_5705.png,0,
CHITTRON_5706.png,0,
CHITTRON_5707.png,0,
CHITTRON_5708.png,0,
CHITTRON_5709.png,0,
CHITTRON_571.png,0,
CHITTRON_5710.png,0,
CHITTRON_5711.png,0,
CHITTRON_5712.png,0,
CHITTRON_5713.png,0,
CHITTRON_5714.png,0,
CHITTRON_5715.png,0,
CHITTRON_5716.png,0,
CHITTRON_5717.png,0,
CHITTRON_5718.png,0,
CHITTRON_5719.png,0,
CHITTRON_572.png,0,
CHITTRON_5720.png,0,
CHITTRON_5721.png,0,
CHITTRON_5722.png,0,
CHITTRON_5723.png,0,
CHITTRON_5724.png,0,
CHITTRON_5725.png,0,
CHITTRON_5726.png,0,
CHITTRON_5727.png,0,
CHITTRON_5728.png,0,
CHITTRON_5729.png,0,
CHITTRON_573.png,0,
CHITTRON_5730.png,0,
CHITTRON_5731.png,0,
CHITTRON_5732.png,0,
CHITTRON_5733.png,0,
CHITTRON_5734.png,0,
CHITTRON_5735.png,0,
CHITTRON_5736.png,0,
CHITTRON_5737.png,0,
CHITTRON_5738.png,0,
CHITTRON_5739.png,0,
CHITTRON_574.png,0,
CHITTRON_5740.png,0,
CHITTRON_5741.png,0,
CHITTRON_5742.png,0,
CHITTRON_5743.png,0,
CHITTRON_5744.png,0,
CHITTRON_5745.png,0,
CHITTRON_5746.png,0,
CHITTRON_5747.png,0,
CHITTRON_5748.png,0,
CHITTRON_5749.png,0,
CHITTRON_575.png,0,
CHITTRON_5750.png,0,
CHITTRON_5751.png,0,
CHITTRON_5752.png,0,
CHITTRON_5753.png,0,
CHITTRON_5754.png,0,
CHITTRON_5755.png,0,
CHITTRON_5756.png,0,
CHITTRON_5757.png,0,
CHITTRON_5758.png,0,
CHITTRON_5759.png,0,
